Class,mAP_50_95,Target_Threshold,Status
Concrete,0.5784396577474251,0.5,Exceeded
Concrete Float,0.3074262270625507,0.5,Below Target
Concrete Mixer Truck,0.3074262270625507,0.5,Below Target
Concrete Pump Hose,0.002334315765141007,0.5,Below Target
Concrete Pump Truck,0.5753802941176471,0.5,Exceeded
Concrete Trowel,0.3074262270625507,0.5,Below Target
Excavation,0.06927455619344512,0.5,Below Target
Steel-Reinforcement,0.1230672290278362,0.5,Below Target
excavator,0.4960613095238096,0.5,Below Target
